{
  "model_version": "(d) EfficientNet-B4 (From Scratch)",
  "params": 18603086,
  "training_history": {
    "accuracy": [
      0.45204219222068787,
      0.5586708784103394,
      0.5657850503921509,
      0.5738198757171631,
      0.5060260891914368,
      0.42986273765563965,
      0.5097924470901489,
      0.6151657104492188
    ],
    "loss": [
      3.2437610626220703,
      2.577934503555298,
      2.503755807876587,
      2.340088129043579,
      2.3552725315093994,
      2.2705814838409424,
      2.0486700534820557,
      1.8661577701568604
    ],
    "val_accuracy": [
      0.28095734119415283,
      0.1311134248971939,
      0.4968782663345337,
      0.671696126461029,
      0.44745057821273804,
      0.19354838132858276,
      0.3142559826374054,
      0.3168574273586273
    ],
    "val_loss": [
      NaN,
      12.94135570526123,
      1.5954926013946533,
      2.0749661922454834,
      2.6899452209472656,
      1.8701225519180298,
      1.7428455352783203,
      2.0879573822021484
    ],
    "learning_rate": []
  },
  "best_val_acc": 0.671696126461029,
  "epoch_reached_best": 4,
  "final_metrics": {
    "train_acc": 0.6151657104492188,
    "val_acc": 0.3168574273586273,
    "test_acc": 0.27106598019599915,
    "test_loss": NaN,
    "generalization_gap": 0.29830828309059143
  },
  "training_time_seconds": 1319.8125824928284,
  "avg_epoch_time": 164.97657281160355,
  "epochs_trained": 8
}