{
  "model_version": "(e) EfficientNet-B4 (Pre-trained)",
  "params": 18603086,
  "training_history": {
    "accuracy": [
      0.6845496892929077,
      0.8479243516921997,
      0.8987278342247009,
      0.903414785861969,
      0.8676766157150269,
      0.9382323622703552,
      0.9538834691047668,
      0.960411787033081,
      0.9652661681175232,
      0.9690324664115906,
      0.9692835807800293,
      0.9727988243103027,
      0.9753933548927307,
      0.9803314208984375,
      0.9826748967170715,
      0.9845162630081177,
      0.9844325184822083,
      0.9844325184822083,
      0.985102117061615,
      0.986608624458313,
      0.985520601272583,
      0.9875292778015137,
      0.9876129627227783,
      0.986608624458313,
      0.9873619079589844,
      0.9877803921699524,
      0.9894543290138245,
      0.9892032146453857,
      0.9886173605918884
    ],
    "loss": [
      2.4619481563568115,
      1.2848058938980103,
      0.9847461581230164,
      0.9220691323280334,
      1.0196822881698608,
      0.7776501774787903,
      0.7054035663604736,
      0.6759823560714722,
      0.6476688981056213,
      0.6299493312835693,
      0.6265743374824524,
      0.616733729839325,
      0.6040893793106079,
      0.5887619853019714,
      0.5776343941688538,
      0.5745939016342163,
      0.5688356757164001,
      0.5683126449584961,
      0.5688654184341431,
      0.5631769895553589,
      0.5632094144821167,
      0.558799684047699,
      0.560793936252594,
      0.5592544078826904,
      0.5594300627708435,
      0.5604398846626282,
      0.5552812814712524,
      0.5564939975738525,
      0.5553151965141296
    ],
    "val_accuracy": [
      0.1311134248971939,
      0.45941728353500366,
      0.10718002170324326,
      0.1311134248971939,
      0.1311134248971939,
      0.1664932370185852,
      0.6014568209648132,
      0.8335067629814148,
      0.41571280360221863,
      0.8922997117042542,
      0.4973985552787781,
      0.1342351734638214,
      0.7648283243179321,
      0.9588969945907593,
      0.8459937572479248,
      0.9609781503677368,
      0.9110301733016968,
      0.9573361277580261,
      0.9583767056465149,
      0.959937572479248,
      0.9604578614234924,
      0.9677419066429138,
      0.966701328754425,
      0.968262255191803,
      0.941727340221405,
      0.966701328754425,
      0.9661810398101807,
      0.9677419066429138,
      0.9687825441360474
    ],
    "val_loss": [
      2.971342086791992,
      1.5959142446517944,
      3.893096446990967,
      5.0366644859313965,
      3.284229278564453,
      2.1796247959136963,
      1.3298473358154297,
      0.800704836845398,
      2.932450532913208,
      0.6662110090255737,
      1.859311819076538,
      2.527373790740967,
      0.9891543388366699,
      0.548150360584259,
      0.801801860332489,
      0.5281161069869995,
      0.6555301547050476,
      0.5465397238731384,
      0.5533832907676697,
      0.5659905672073364,
      0.5350838899612427,
      0.5111552476882935,
      0.5241976380348206,
      0.5188052654266357,
      0.5754864811897278,
      0.5213256478309631,
      0.5229370594024658,
      0.5253651738166809,
      0.5192447900772095
    ],
    "learning_rate": []
  },
  "best_val_acc": 0.9687825441360474,
  "epoch_reached_best": 29,
  "final_metrics": {
    "train_acc": 0.9886173605918884,
    "val_acc": 0.9687825441360474,
    "test_acc": 0.9796954393386841,
    "test_loss": 0.4859129786491394,
    "generalization_gap": 0.019834816455841064
  },
  "training_time_seconds": 4610.938845872879,
  "avg_epoch_time": 158.99789123699583,
  "epochs_trained": 29
}