{
  "model_version": "(a) EfficientNet-B0 (From Scratch)",
  "params": 4798850,
  "training_history": {
    "accuracy": [
      0.5014228224754333,
      0.49648475646972656,
      0.5589219927787781,
      0.5472045540809631,
      0.5715600848197937,
      0.6011884808540344,
      0.6663039922714233,
      0.6796953678131104,
      0.6847171187400818,
      0.6692333221435547,
      0.6526615619659424,
      0.6609474420547485,
      0.6787747144699097,
      0.6981921792030334,
      0.7253096699714661,
      0.7551054358482361,
      0.7734348773956299,
      0.8116002678871155,
      0.8275024890899658,
      0.8542015552520752,
      0.8726983666419983,
      0.8806495070457458,
      0.893203854560852,
      0.8998158574104309,
      0.9106963276863098,
      0.9133746027946472,
      0.9117844104766846,
      0.9202377200126648,
      0.9384834170341492,
      0.9391530156135559
    ],
    "loss": [
      3.1388068199157715,
      2.5511605739593506,
      1.8906954526901245,
      1.9524465799331665,
      1.8100610971450806,
      1.7301244735717773,
      1.5899138450622559,
      1.5415700674057007,
      1.4939056634902954,
      1.4404157400131226,
      1.3497246503829956,
      1.2542403936386108,
      1.199326992034912,
      1.130786418914795,
      1.1201695203781128,
      1.0452220439910889,
      1.0172635316848755,
      0.9644491076469421,
      0.9463722109794617,
      0.9113084673881531,
      0.8830200433731079,
      0.8430764079093933,
      0.8179295063018799,
      0.7998399138450623,
      0.7764000296592712,
      0.7778987288475037,
      0.7714728713035583,
      0.7576614022254944,
      0.7085984945297241,
      0.6992524862289429
    ],
    "val_accuracy": [
      0.3210197687149048,
      0.4203954339027405,
      0.6014568209648132,
      0.3558793067932129,
      0.45057231187820435,
      0.409989595413208,
      0.7346513867378235,
      0.738293468952179,
      0.7330905199050903,
      0.7356919646263123,
      0.6711758375167847,
      0.7434963583946228,
      0.7336108088493347,
      0.7408949136734009,
      0.7898023128509521,
      0.6566076874732971,
      0.7596253752708435,
      0.9011446237564087,
      0.9105098843574524,
      0.9172737002372742,
      0.9079084396362305,
      0.9380853176116943,
      0.9193548560142517,
      0.9380853176116943,
      0.9328824281692505,
      0.9516128897666931,
      0.8980228900909424,
      0.934963583946228,
      0.9583767056465149,
      0.9536940455436707
    ],
    "val_loss": [
      1.9767202138900757,
      4.509391784667969,
      1.268998622894287,
      1.3915681838989258,
      1.4997097253799438,
      1.5125372409820557,
      1.1257102489471436,
      1.0944609642028809,
      1.0713613033294678,
      1.0340509414672852,
      1.0307718515396118,
      0.9813543558120728,
      0.8815724849700928,
      0.8661520481109619,
      0.8150147199630737,
      0.9697749018669128,
      0.8923804759979248,
      0.6912222504615784,
      0.698573112487793,
      0.6882325410842896,
      0.8042258024215698,
      0.6663169860839844,
      0.6598733067512512,
      0.6585313081741333,
      0.63482666015625,
      0.6470258831977844,
      0.7574540972709656,
      0.6701814532279968,
      0.5846466422080994,
      0.5965824127197266
    ],
    "learning_rate": [0.001, 0.001, 0.001, 0.001, 0.001, 0.001, 0.0002, 0.0002, 0.0002, 0.0002, 0.0002, 0.0002, 0.0002, 0.0002, 0.0002, 0.0002, 0.0002, 0.0002, 0.0002, 0.0002, 0.0002, 0.0002, 0.0002, 0.0002, 0.0002, 0.0002, 0.0002, 0.0002, 4e-05, 4e-05]
  },
  "best_val_acc": 0.9583767056465149,
  "epoch_reached_best": 29,
  "final_metrics": {
    "train_acc": 0.9391530156135559,
    "val_acc": 0.9536940455436707,
    "test_acc": 0.9675126671791077,
    "test_loss": 0.5617170929908752,
    "generalization_gap": -0.014541029930114746
  },
  "training_time_seconds": 3785.689077615738,
  "avg_epoch_time": 126.1896359205246,
  "epochs_trained": 30
}