{
  "model_version": "(c) EfficientNet-B2 (From Scratch)",
  "params": 8558088,
  "training_history": {
    "accuracy": [
      0.4650150537490845,
      0.5619350671768188,
      0.5713927149772644,
      0.570639431476593,
      0.5877134203910828,
      0.48024773597717285,
      0.5361566543579102,
      0.5755774974822998,
      0.6437060832977295,
      0.6568463444709778,
      0.6685637831687927,
      0.6692333221435547,
      0.6822062134742737,
      0.6749246716499329,
      0.667643129825592,
      0.6752594709396362,
      0.6767659783363342,
      0.6730833649635315,
      0.6744225025177002,
      0.680616021156311,
      0.6791931986808777,
      0.6871442794799805,
      0.6706562042236328,
      0.6772681474685669,
      0.681704044342041,
      0.680616021156311,
      0.6857214570045471,
      0.683210551738739,
      0.6855540871620178,
      0.6900736689567566
    ],
    "loss": [
      3.13376522064209,
      2.673215389251709,
      2.4519245624542236,
      2.627393960952759,
      2.388486385345459,
      2.105276107788086,
      2.0465612411499023,
      1.8369743824005127,
      1.6876963376998901,
      1.6454739570617676,
      1.613444209098816,
      1.5911444425582886,
      1.555552363395691,
      1.5143742561340332,
      1.4585609436035156,
      1.3830194473266602,
      1.3540563583374023,
      1.333916425704956,
      1.3251622915267944,
      1.3109060525894165,
      1.2889825105667114,
      1.2655160427093506,
      1.2661492824554443,
      1.256890892982483,
      1.2430270910263062,
      1.2369041442871094,
      1.2225539684295654,
      1.219773769378662,
      1.2156167030334473,
      1.2053200006484985
    ],
    "val_accuracy": [
      0.11186264455318451,
      0.6415192484855652,
      0.5978147983551025,
      0.3168574273586273,
      0.6841831207275391,
      0.16181060671806335,
      0.3142559826374054,
      0.2913631498813629,
      0.7003121972084045,
      0.6758584976196289,
      0.6040582656860352,
      0.7122789025306702,
      0.6670135259628296,
      0.3626430928707123,
      0.49219563603401184,
      0.7528616189956665,
      0.7393340468406677,
      0.7029136419296265,
      0.724245548248291,
      0.7138397693634033,
      0.6873049139976501,
      0.6919875144958496,
      0.667533814907074,
      0.7070759534835815,
      0.7154006361961365,
      0.6389178037643433,
      0.6935483813285828,
      0.7304890751838684,
      0.7107179760932922,
      0.7237252593040466
    ],
    "val_loss": [
      4.545289516448975,
      1.79377281665802,
      2.2312588691711426,
      2.9358749389648438,
      1.421451449394226,
      1.933828592300415,
      1.5957869291305542,
      NaN,
      1.2286182641983032,
      1.2608305215835571,
      1.3617966175079346,
      1.22597336769104,
      1.4403858184814453,
      1.5758593082427979,
      1.4631884098052979,
      1.0282702445983887,
      1.0369633436203003,
      1.036544680595398,
      1.0042668581008911,
      1.0320888757705688,
      1.0413382053375244,
      0.9723610877990723,
      1.0356050729751587,
      0.9646355509757996,
      0.9868417978286743,
      1.0560342073440552,
      1.0002386569976807,
      0.97393798828125,
      1.0014431476593018,
      0.9747181534767151
    ],
    "learning_rate": []
  },
  "best_val_acc": 0.7528616189956665,
  "epoch_reached_best": 16,
  "final_metrics": {
    "train_acc": 0.6900736689567566,
    "val_acc": 0.7237252593040466,
    "test_acc": 0.710659921169281,
    "test_loss": 0.9564464688301086,
    "generalization_gap": -0.03365159034729004
  },
  "training_time_seconds": 4443.982971429825,
  "avg_epoch_time": 148.1327657143275,
  "epochs_trained": 30
}