{
  "model_version": "(b) EfficientNet-B1 (From Scratch)",
  "params": 7304486,
  "training_history": {
    "accuracy": [
      0.47932708263397217,
      0.5775862336158752,
      0.5854536294937134,
      0.5770840048789978,
      0.5677937865257263,
      0.6075493693351746,
      0.6350853443145752,
      0.638098418712616,
      0.6547539234161377,
      0.6744225025177002,
      0.695346474647522,
      0.7260629534721375,
      0.7645630836486816,
      0.8044024109840393,
      0.8232340216636658,
      0.8417308330535889,
      0.8578841686248779,
      0.8675929307937622,
      0.8793940544128418,
      0.8917810320854187,
      0.8994810581207275,
      0.9065115451812744,
      0.9050887227058411,
      0.9124539494514465,
      0.9090224504470825,
      0.9180616140365601,
      0.9202377200126648,
      0.9240040183067322,
      0.9368932247161865,
      0.941914975643158
    ],
    "loss": [
      3.062023401260376,
      2.4294593334198,
      2.4344842433929443,
      2.179069995880127,
      2.1903460025787354,
      1.658939003944397,
      1.3880375623703003,
      1.357673168182373,
      1.299569010734558,
      1.270199179649353,
      1.2183799743652344,
      1.1682281494140625,
      1.135066270828247,
      1.0657469034194946,
      1.006521463394165,
      0.9717684388160706,
      0.9441362023353577,
      0.9192620515823364,
      0.9047364592552185,
      0.8548116087913513,
      0.8420951962471008,
      0.8236061334609985,
      0.8266528248786926,
      0.7949163913726807,
      0.8089773058891296,
      0.7922074794769287,
      0.8043680191040039,
      0.769116222858429,
      0.7283667922019958,
      0.6990511417388916
    ],
    "val_accuracy": [
      0.6311134099960327,
      0.7164412140846252,
      0.6841831207275391,
      0.378772109746933,
      0.6248699426651001,
      0.6586888432502747,
      0.5832465887069702,
      0.652445375919342,
      0.6857439875602722,
      0.667533814907074,
      0.6852236986160278,
      0.8303850293159485,
      0.8569198846817017,
      0.885015606880188,
      0.8839750289916992,
      0.8922997117042542,
      0.8111342191696167,
      0.9131113290786743,
      0.9073881506919861,
      0.8980228900909424,
      0.9063475728034973,
      0.9240374565124512,
      0.9047867059707642,
      0.93756502866745,
      0.9334027171134949,
      0.9151924848556519,
      0.9365244507789612,
      0.9219563007354736,
      0.9354838728904724,
      0.9406867623329163
    ],
    "val_loss": [
      1.7092535495758057,
      1.24302077293396,
      3.2847766876220703,
      1.40382719039917,
      1.4565681219100952,
      1.0560463666915894,
      1.0757412910461426,
      1.0507358312606812,
      0.9635703563690186,
      1.0158137083053589,
      1.0042937994003296,
      0.8365362882614136,
      0.8010215759277344,
      0.7771713137626648,
      0.711310088634491,
      0.7452523708343506,
      0.8210810422897339,
      0.6993623375892639,
      0.7324317693710327,
      0.7315046191215515,
      0.6977099180221558,
      0.6472329497337341,
      0.6474041938781738,
      0.6167644262313843,
      0.6054796576499939,
      0.6524436473846436,
      0.6279494762420654,
      0.6606733202934265,
      0.6410132050514221,
      0.6310299634933472
    ],
    "learning_rate": [0.001, 0.001, 0.001, 0.001, 0.001, 0.0002, 0.0002, 0.0002, 0.0002, 0.0002, 0.0002, 0.0002, 0.0002, 0.0002, 0.0002, 0.0002, 0.0002, 0.0002, 0.0002, 0.0002, 0.0002, 0.0002, 0.0002, 0.0002, 0.0002, 0.0002, 0.0002, 0.0002, 4e-05, 4e-05]
  },
  "best_val_acc": 0.9406867623329163,
  "epoch_reached_best": 30,
  "final_metrics": {
    "train_acc": 0.941914975643158,
    "val_acc": 0.9406867623329163,
    "test_acc": 0.9360405802726746,
    "test_loss": 0.583105742931366,
    "generalization_gap": 0.0012282133102416992
  },
  "training_time_seconds": 3775.592304468155,
  "avg_epoch_time": 125.85307681560516,
  "epochs_trained": 30
}